"Locus","Allele","Height","Size","Color","Scan"
"D3S1358","14",748,117.33,"blue",4814
"D3S1358","15",206,121.4,"blue",4860
"D3S1358","16",2598,125.48,"blue",4905
"D3S1358","17",3144,129.56,"blue",4951
"D3S1358","18",1939,133.64,"blue",4997
"vWA","14",1156,168.84,"blue",5391
"vWA","15",749,172.87,"blue",5436
"vWA","16",4028,176.91,"blue",5481
"vWA","17",1898,180.95,"blue",5527
"vWA","18",686,184.99,"blue",5572
"D16S539","11",449,251.67,"blue",6319
"D16S539","12",323,255.7,"blue",6364
"D16S539","13",848,259.73,"blue",6409
"CSF1PO","10",425,298.34,"blue",6841
"CSF1PO","11",1506,302.3,"blue",6886
"CSF1PO","12",1876,306.26,"blue",6930
"TPOX","8",757,349.7,"blue",7417
"TPOX","9",357,353.72,"blue",7462
"TPOX","11",136,361.78,"blue",7552
"TPOX","12",382,365.81,"blue",7597
"AMEL","X",5889,98.5,"green",4603
"AMEL","Y",1432,104.5,"green",4670
"D8S1179","10",474,134.96,"green",5012
"D8S1179","11",1089,139.06,"green",5057
"D8S1179","12",118,143.16,"green",5103
"D8S1179","13",223,147.26,"green",5149
"D8S1179","14",645,151.36,"green",5195
"D8S1179","15",889,155.46,"green",5241
"D21S11","27",484,195.57,"green",5690
"D21S11","28",597,199.61,"green",5736
"D21S11","29",116,203.65,"green",5781
"D21S11","30",912,207.69,"green",5826
"D21S11","30.2",1026,208.5,"green",5835
"D21S11","31",2353,211.73,"green",5871
"D21S11","32.2",312,216.58,"green",5926
"D18S51","12",607,281.63,"green",6654
"D18S51","13",490,285.67,"green",6700
"D18S51","15",420,293.75,"green",6790
"D18S51","16",187,297.79,"green",6835
"D18S51","17",1073,301.83,"green",6880
"D18S51","19",842,309.91,"green",6971
"D18S51","21",188,317.98,"green",7061
"D2S441","9",768,81.31,"yellow",4411
"D2S441","10",136,85.37,"yellow",4456
"D2S441","10.3",69,86.58,"yellow",4470
"D2S441","11",2270,89.42,"yellow",4502
"D2S441","11.3",681,90.64,"yellow",4515
"D2S441","12",1831,93.48,"yellow",4547
"D2S441","13",2240,97.54,"yellow",4592
"D2S441","14",5281,101.6,"yellow",4638
"D2S441","15",1463,105.66,"yellow",4683
"D19S433","11",67,137.78,"yellow",5043
"D19S433","12",1096,141.77,"yellow",5088
"D19S433","13",2184,145.75,"yellow",5132
"D19S433","14",1959,149.74,"yellow",5177
"D19S433","16",285,157.71,"yellow",5266
"TH01","6",748,186.89,"yellow",5593
"TH01","7",191,191.05,"yellow",5640
"TH01","8",1315,195.22,"yellow",5686
"TH01","9",197,199.38,"yellow",5733
"TH01","9.3",1974,200.62,"yellow",5747
"FGA","19",347,247.8,"yellow",6275
"FGA","20",883,251.87,"yellow",6321
"FGA","21",960,255.94,"yellow",6367
"FGA","22",160,260.01,"yellow",6412
"FGA","24",363,268.15,"yellow",6503
"FGA","25",455,272.22,"yellow",6549
"FGA","26",102,276.29,"yellow",6594
"D22S1045","11",967,97.51,"red",4592
"D22S1045","14",908,106.47,"red",4692
"D22S1045","15",2144,109.46,"red",4726
"D22S1045","16",1497,112.44,"red",4759
"D22S1045","17",1007,115.43,"red",4793
"D5S818","9",932,146.77,"red",5144
"D5S818","10",221,150.82,"red",5189
"D5S818","11",3670,154.87,"red",5235
"D5S818","12",2753,158.92,"red",5280
"D5S818","13",603,162.97,"red",5325
"D13S317","9",438,214.88,"red",5907
"D13S317","11",1025,222.97,"red",5997
"D13S317","12",626,227.02,"red",6043
"D13S317","13",1515,231.06,"red",6088
"D13S317","14",801,235.11,"red",6133
"D7S820","8",1645,270.42,"red",6529
"D7S820","10",1665,278.37,"red",6618
"D7S820","11",892,282.34,"red",6662
"D7S820","12",557,286.32,"red",6707
"SE33","13",112,342.44,"red",7335
"SE33","19",80,366.84,"red",7609
"SE33","24.2",402,387.99,"red",7845
"SE33","26.2",272,396.12,"red",7937
"SE33","27.2",694,400.19,"red",7982
"SE33","28.2",112,404.25,"red",8028
"D10S1248","12",368,101.53,"purple",4637
"D10S1248","13",1079,105.53,"purple",4682
"D10S1248","14",1959,109.53,"purple",4727
"D10S1248","15",753,113.53,"purple",4772
"D10S1248","16",1453,117.53,"purple",4816
"D1S1656","11",821,168.02,"purple",5382
"D1S1656","12",1046,172.23,"purple",5429
"D1S1656","13",300,176.45,"purple",5476
"D1S1656","14",413,180.67,"purple",5524
"D1S1656","15",471,184.88,"purple",5571
"D1S1656","15.3",651,186.15,"purple",5585
"D1S1656","17",188,193.32,"purple",5665
"D1S1656","18.3",1282,198.8,"purple",5727
"D12S391","15",736,220.16,"purple",5966
"D12S391","17",594,228.1,"purple",6055
"D12S391","18",353,232.07,"purple",6099
"D12S391","19",779,236.04,"purple",6144
"D12S391","20",724,240.01,"purple",6188
"D12S391","22",431,247.96,"purple",6277
"D12S391","24",135,255.9,"purple",6366
"D2S1338","17",398,304.78,"purple",6914
"D2S1338","19",355,312.82,"purple",7004
"D2S1338","20",890,316.84,"purple",7049
"D2S1338","21",826,320.86,"purple",7094
"D2S1338","23",712,328.89,"purple",7184
"D2S1338","24",648,332.91,"purple",7229
"D2S1338","25",819,336.93,"purple",7274
"LIZ",NA,800,20,"orange",3724
"LIZ",NA,800,40,"orange",3948
"LIZ",NA,800,60,"orange",4172
"LIZ",NA,800,80,"orange",4396
"LIZ",NA,800,100,"orange",4620
"LIZ",NA,800,114,"orange",4777
"LIZ",NA,800,120,"orange",4844
"LIZ",NA,800,140,"orange",5068
"LIZ",NA,800,160,"orange",5292
"LIZ",NA,800,180,"orange",5516
"LIZ",NA,800,200,"orange",5740
"LIZ",NA,800,214,"orange",5897
"LIZ",NA,800,220,"orange",5964
"LIZ",NA,800,240,"orange",6188
"LIZ",NA,800,250,"orange",6300
"LIZ",NA,800,260,"orange",6412
"LIZ",NA,800,280,"orange",6636
"LIZ",NA,800,300,"orange",6860
"LIZ",NA,800,314,"orange",7017
"LIZ",NA,800,320,"orange",7084
"LIZ",NA,800,340,"orange",7308
"LIZ",NA,800,360,"orange",7532
"LIZ",NA,800,380,"orange",7756
"LIZ",NA,800,400,"orange",7980
"LIZ",NA,800,414,"orange",8137
"LIZ",NA,800,420,"orange",8204
"LIZ",NA,800,440,"orange",8428
"LIZ",NA,800,460,"orange",8652
"LIZ",NA,800,480,"orange",8876
"LIZ",NA,800,500,"orange",9100
"LIZ",NA,800,514,"orange",9257
"LIZ",NA,800,520,"orange",9324
"LIZ",NA,800,540,"orange",9548
"LIZ",NA,800,560,"orange",9772
"LIZ",NA,800,580,"orange",9996
"LIZ",NA,800,600,"orange",10220
